-- phpMyAdmin SQL Dump
-- version 5.2.1
-- https://www.phpmyadmin.net/
--
-- Host: 127.0.0.1
-- Generation Time: Oct 06, 2025 at 11:02 PM
-- Server version: 10.4.32-MariaDB
-- PHP Version: 8.2.12

SET SQL_MODE = "NO_AUTO_VALUE_ON_ZERO";
START TRANSACTION;
SET time_zone = "+00:00";


/*!40101 SET @OLD_CHARACTER_SET_CLIENT=@@CHARACTER_SET_CLIENT */;
/*!40101 SET @OLD_CHARACTER_SET_RESULTS=@@CHARACTER_SET_RESULTS */;
/*!40101 SET @OLD_COLLATION_CONNECTION=@@COLLATION_CONNECTION */;
/*!40101 SET NAMES utf8mb4 */;

--
-- Database: `ncmis`
--

-- --------------------------------------------------------

--
-- Table structure for table `borrow_requests`
--

CREATE TABLE `borrow_requests` (
  `borrow_id` int(11) NOT NULL,
  `student_id` varchar(20) DEFAULT NULL,
  `last_name` varchar(50) DEFAULT NULL,
  `first_name` varchar(50) DEFAULT NULL,
  `middle_initial` varchar(5) DEFAULT NULL,
  `device_id` int(11) NOT NULL,
  `borrow_date` date NOT NULL,
  `return_date` date DEFAULT NULL,
  `reason` text NOT NULL,
  `status` enum('Pending','Approved','Returned') DEFAULT 'Pending'
) ENGINE=InnoDB DEFAULT CHARSET=utf8mb4 COLLATE=utf8mb4_general_ci;

--
-- Dumping data for table `borrow_requests`
--

INSERT INTO `borrow_requests` (`borrow_id`, `student_id`, `last_name`, `first_name`, `middle_initial`, `device_id`, `borrow_date`, `return_date`, `reason`, `status`) VALUES
(8, '2021-0442', 'Bautista', 'Renato', 'SD', 4, '2025-09-29', '2025-09-29', 're', 'Returned'),
(9, '2021-0442', 'Bautista', 'Renato', 'SD', 1, '2025-09-29', NULL, '33', 'Pending');

-- --------------------------------------------------------

--
-- Table structure for table `concerns`
--

CREATE TABLE `concerns` (
  `concern_id` int(11) NOT NULL,
  `description` text NOT NULL,
  `status` enum('Pending','Ongoing','Resolved') DEFAULT 'Pending',
  `created_at` timestamp NOT NULL DEFAULT current_timestamp(),
  `updated_at` timestamp NOT NULL DEFAULT current_timestamp() ON UPDATE current_timestamp(),
  `resolution_feedback` text DEFAULT NULL,
  `user_id` int(11) NOT NULL
) ENGINE=InnoDB DEFAULT CHARSET=utf8mb4 COLLATE=utf8mb4_general_ci;

--
-- Dumping data for table `concerns`
--

INSERT INTO `concerns` (`concern_id`, `description`, `status`, `created_at`, `updated_at`, `resolution_feedback`, `user_id`) VALUES
(13, 'sadadadwa', 'Pending', '2025-03-24 09:26:15', '2025-03-24 09:26:15', NULL, 10),
(17, 'sdadawdadwad', 'Pending', '2025-03-24 10:16:17', '2025-03-24 10:16:17', NULL, 9);

-- --------------------------------------------------------

--
-- Table structure for table `concern_devices`
--

CREATE TABLE `concern_devices` (
  `concern_id` int(11) NOT NULL,
  `device_id` int(11) NOT NULL
) ENGINE=InnoDB DEFAULT CHARSET=utf8mb4 COLLATE=utf8mb4_general_ci;

--
-- Dumping data for table `concern_devices`
--

INSERT INTO `concern_devices` (`concern_id`, `device_id`) VALUES
(13, 1),
(17, 1);

-- --------------------------------------------------------

--
-- Table structure for table `concern_history`
--

CREATE TABLE `concern_history` (
  `id` int(11) NOT NULL,
  `concern_id` int(11) NOT NULL,
  `user_id` int(11) NOT NULL,
  `description` text NOT NULL,
  `status` enum('Pending','Ongoing','Resolved') NOT NULL,
  `created_at` datetime NOT NULL,
  `updated_at` datetime NOT NULL,
  `resolution_feedback` text NOT NULL,
  `faculty_name` varchar(255) NOT NULL,
  `email` varchar(255) DEFAULT NULL,
  `devices` text DEFAULT NULL,
  `archived_at` timestamp NOT NULL DEFAULT current_timestamp()
) ENGINE=InnoDB DEFAULT CHARSET=utf8mb4 COLLATE=utf8mb4_general_ci;

--
-- Dumping data for table `concern_history`
--

INSERT INTO `concern_history` (`id`, `concern_id`, `user_id`, `description`, `status`, `created_at`, `updated_at`, `resolution_feedback`, `faculty_name`, `email`, `devices`, `archived_at`) VALUES
(6, 9, 0, 'adadawdawd', 'Resolved', '2025-03-24 17:10:54', '2025-03-24 17:11:04', 'dadawdadawdad', 'auro', 'matthewjohnsantos2004@gmail.com', '[{\"device_name\":\"PC2\",\"department_name\":\"Dean\'s Office\"}]', '2025-03-24 09:11:11'),
(7, 14, 9, 'adadadwa', 'Resolved', '2025-03-24 17:26:20', '2025-03-24 17:26:48', 'adadwadad', 'me', 'matthewjohnsantos143@gmail.com', '[{\"device_name\":\"PC1\",\"department_name\":\"Dean\'s Office\"}]', '2025-03-24 09:27:10'),
(8, 11, 0, 'fasfadfwa', 'Resolved', '2025-03-24 17:25:27', '2025-03-24 18:06:46', 'sdadwadadw', 'auro', 'matthewjohnsantos2004@gmail.com', '[{\"device_name\":\"PC1\",\"department_name\":\"Dean\'s Office\"}]', '2025-03-24 10:06:49'),
(9, 12, 9, 'adadadad', 'Resolved', '2025-03-24 17:25:32', '2025-03-24 18:15:28', 'adadawdad', 'auro', 'matthewjohnsantos2004@gmail.com', '[{\"device_name\":\"PC1\",\"department_name\":\"Dean\'s Office\"}]', '2025-03-24 10:15:31'),
(10, 16, 9, 'dadawdawdawdaw', 'Resolved', '2025-03-24 18:16:12', '2025-03-24 18:16:30', 'adadwadaw', 'auro', 'matthewjohnsantos2004@gmail.com', '[{\"device_name\":\"PC1\",\"department_name\":\"Dean\'s Office\"}]', '2025-03-24 10:16:33'),
(11, 15, 10, 'asdadawdadadw', 'Resolved', '2025-03-24 17:26:27', '2025-03-24 18:19:37', 'adadawd', 'me', 'matthewjohnsantos143@gmail.com', '[{\"device_name\":\"PC1\",\"department_name\":\"Dean\'s Office\"},{\"device_name\":\"PC2\",\"department_name\":\"Dean\'s Office\"}]', '2025-03-24 10:19:41'),
(12, 18, 9, 'adadawdawda', 'Resolved', '2025-03-24 18:16:21', '2025-03-24 18:19:58', 'tite', 'auro', 'matthewjohnsantos2004@gmail.com', '[{\"device_name\":\"PC1\",\"department_name\":\"Dean\'s Office\"}]', '2025-03-24 10:20:04'),
(13, 19, 9, 'dadadwadaw', 'Resolved', '2025-03-24 20:42:28', '2025-03-24 20:42:42', 'dadwdadw', 'auro', 'matthewjohnsantos2004@gmail.com', '[{\"device_name\":\"PC1\",\"department_name\":\"Dean\'s Office\"}]', '2025-03-24 12:48:26');

-- --------------------------------------------------------

--
-- Table structure for table `departments`
--

CREATE TABLE `departments` (
  `department_id` int(11) NOT NULL,
  `department_name` varchar(100) NOT NULL
) ENGINE=InnoDB DEFAULT CHARSET=utf8mb4 COLLATE=utf8mb4_general_ci;

--
-- Dumping data for table `departments`
--

INSERT INTO `departments` (`department_id`, `department_name`) VALUES
(1, 'Dean\'s Office');

-- --------------------------------------------------------

--
-- Table structure for table `devices`
--

CREATE TABLE `devices` (
  `device_id` int(11) NOT NULL,
  `item_name` varchar(150) NOT NULL,
  `brand_model` varchar(100) DEFAULT NULL,
  `department_id` int(11) NOT NULL,
  `serial_number` varchar(100) DEFAULT NULL,
  `quantity` int(11) DEFAULT 0,
  `device_type` varchar(50) DEFAULT NULL,
  `status` enum('Available','Borrowed','Damaged','Disposed') DEFAULT 'Available'
) ENGINE=InnoDB DEFAULT CHARSET=utf8mb4 COLLATE=utf8mb4_general_ci;

--
-- Dumping data for table `devices`
--

INSERT INTO `devices` (`device_id`, `item_name`, `brand_model`, `department_id`, `serial_number`, `quantity`, `device_type`, `status`) VALUES
(1, 'PC1', NULL, 1, NULL, 0, NULL, 'Available'),
(3, 'PC2', NULL, 1, NULL, 0, NULL, 'Available'),
(4, 'Projector', 'Epson EB-X07', 1, 'PRJ-001', 5, 'Electronics', 'Available'),
(5, 'Mouse', 'a4tech', 1, 'm2025', 29, 'Computer accessory', 'Available'),
(6, 'a4Tech Mouse', 'a4Tech', 1, NULL, 1, 'Mouse', 'Available'),
(7, 'inplay keyboard 2', 'inplay', 1, NULL, 1, 'keyboard', 'Available');

-- --------------------------------------------------------

--
-- Table structure for table `devices_units`
--

CREATE TABLE `devices_units` (
  `accession_id` int(11) NOT NULL,
  `device_id` int(11) NOT NULL,
  `serial_number` varchar(100) DEFAULT NULL,
  `status` enum('Available','Borrowed','Damaged','Disposed') DEFAULT 'Available'
) ENGINE=InnoDB DEFAULT CHARSET=utf8mb4 COLLATE=utf8mb4_general_ci;

--
-- Dumping data for table `devices_units`
--

INSERT INTO `devices_units` (`accession_id`, `device_id`, `serial_number`, `status`) VALUES
(1, 4, 'PRJ-001', 'Borrowed'),
(2, 4, 'PRJ-002', 'Available'),
(3, 4, 'PRJ-003', 'Available'),
(4, 4, 'PRJ-004', 'Borrowed'),
(5, 4, 'PRJ-005', 'Available'),
(6, 5, 'm2025', 'Available'),
(7, 5, NULL, 'Available'),
(8, 5, NULL, 'Available'),
(9, 5, NULL, 'Available'),
(10, 5, NULL, 'Available'),
(11, 5, NULL, 'Available'),
(12, 5, NULL, 'Available'),
(13, 5, NULL, 'Available'),
(14, 5, NULL, 'Available'),
(15, 5, NULL, 'Available'),
(16, 5, NULL, 'Available'),
(17, 5, NULL, 'Available'),
(18, 5, NULL, 'Available'),
(19, 5, NULL, 'Available'),
(20, 5, NULL, 'Available'),
(21, 5, NULL, 'Available'),
(22, 5, NULL, 'Available'),
(23, 5, NULL, 'Available'),
(24, 5, NULL, 'Available'),
(25, 5, NULL, 'Available'),
(26, 5, NULL, 'Available'),
(27, 5, NULL, 'Available'),
(28, 5, NULL, 'Available'),
(29, 5, NULL, 'Available'),
(30, 5, NULL, 'Available'),
(31, 5, NULL, 'Available'),
(32, 5, NULL, 'Available'),
(33, 5, NULL, 'Available'),
(34, 5, NULL, 'Available'),
(35, 6, 'M03', 'Available');

-- --------------------------------------------------------

--
-- Table structure for table `pcparts`
--

CREATE TABLE `pcparts` (
  `part_id` int(11) NOT NULL,
  `pcid` varchar(50) NOT NULL,
  `monitor` varchar(100) DEFAULT NULL,
  `motherboard` varchar(100) DEFAULT NULL,
  `ram` varchar(100) DEFAULT NULL,
  `storage` varchar(100) DEFAULT NULL,
  `gpu` varchar(100) DEFAULT NULL,
  `psu` varchar(100) DEFAULT NULL,
  `casing` varchar(100) DEFAULT NULL,
  `other_parts` text DEFAULT NULL
) ENGINE=InnoDB DEFAULT CHARSET=utf8mb4 COLLATE=utf8mb4_general_ci;

--
-- Dumping data for table `pcparts`
--

INSERT INTO `pcparts` (`part_id`, `pcid`, `monitor`, `motherboard`, `ram`, `storage`, `gpu`, `psu`, `casing`, `other_parts`) VALUES
(4, '1', '33', '222', '22', '22', '22', '22', '22', '22'),
(5, '', '1', '1', '1', '1', '1', '1', '1', '1');

-- --------------------------------------------------------

--
-- Table structure for table `pcs`
--

CREATE TABLE `pcs` (
  `pcid` varchar(50) NOT NULL,
  `pcname` varchar(100) NOT NULL,
  `department_id` int(11) NOT NULL,
  `status` enum('Active','In Repair','Decommissioned') DEFAULT 'Active',
  `note` text DEFAULT NULL
) ENGINE=InnoDB DEFAULT CHARSET=utf8mb4 COLLATE=utf8mb4_general_ci;

--
-- Dumping data for table `pcs`
--

INSERT INTO `pcs` (`pcid`, `pcname`, `department_id`, `status`, `note`) VALUES
('', 'PC1', 1, 'Active', '1'),
('1', 'PC1', 1, 'Active', '3');

-- --------------------------------------------------------

--
-- Table structure for table `students`
--

CREATE TABLE `students` (
  `student_id` varchar(20) NOT NULL,
  `last_name` varchar(50) NOT NULL,
  `first_name` varchar(50) NOT NULL,
  `middle_initial` varchar(5) DEFAULT NULL
) ENGINE=InnoDB DEFAULT CHARSET=utf8mb4 COLLATE=utf8mb4_general_ci;

--
-- Dumping data for table `students`
--

INSERT INTO `students` (`student_id`, `last_name`, `first_name`, `middle_initial`) VALUES
('2021-0442', 'Bautista', 'Renato', 'SD');

-- --------------------------------------------------------

--
-- Table structure for table `users`
--

CREATE TABLE `users` (
  `user_id` int(10) UNSIGNED NOT NULL,
  `username` varchar(50) NOT NULL,
  `faculty_name` varchar(255) NOT NULL,
  `email` varchar(255) NOT NULL,
  `password` varchar(255) NOT NULL,
  `is_admin` tinyint(1) NOT NULL DEFAULT 0,
  `created_at` timestamp NOT NULL DEFAULT current_timestamp(),
  `updated_at` timestamp NOT NULL DEFAULT current_timestamp() ON UPDATE current_timestamp()
) ENGINE=InnoDB DEFAULT CHARSET=utf8mb4 COLLATE=utf8mb4_unicode_ci;

--
-- Dumping data for table `users`
--

INSERT INTO `users` (`user_id`, `username`, `faculty_name`, `email`, `password`, `is_admin`, `created_at`, `updated_at`) VALUES
(9, 'admin', 'auro', 'matthewjohnsantos2004@gmail.com', '$2y$10$nvmP/E2tXSJ3zYIOp2Z.iu29/gNxPA/pmF/iZOiJoijB.k48zCj22', 1, '2025-03-24 02:34:16', '2025-03-24 02:49:06'),
(10, 'user', 'me', 'matthewjohnsantos143@gmail.com', '$2y$10$3HWZONw6vWb8WNkqsDA3ReMbUiyuvdqP.MSWD2CuFdrN4UDfVtNSG', 0, '2025-03-24 09:25:58', '2025-03-24 09:25:58');

--
-- Indexes for dumped tables
--

--
-- Indexes for table `borrow_requests`
--
ALTER TABLE `borrow_requests`
  ADD PRIMARY KEY (`borrow_id`),
  ADD KEY `fk_borrow_device` (`device_id`);

--
-- Indexes for table `concerns`
--
ALTER TABLE `concerns`
  ADD PRIMARY KEY (`concern_id`);

--
-- Indexes for table `concern_devices`
--
ALTER TABLE `concern_devices`
  ADD PRIMARY KEY (`concern_id`,`device_id`),
  ADD KEY `device_id` (`device_id`);

--
-- Indexes for table `concern_history`
--
ALTER TABLE `concern_history`
  ADD PRIMARY KEY (`id`);

--
-- Indexes for table `departments`
--
ALTER TABLE `departments`
  ADD PRIMARY KEY (`department_id`);

--
-- Indexes for table `devices`
--
ALTER TABLE `devices`
  ADD PRIMARY KEY (`device_id`),
  ADD KEY `department_id` (`department_id`);

--
-- Indexes for table `devices_units`
--
ALTER TABLE `devices_units`
  ADD PRIMARY KEY (`accession_id`),
  ADD KEY `device_id` (`device_id`);

--
-- Indexes for table `pcparts`
--
ALTER TABLE `pcparts`
  ADD PRIMARY KEY (`part_id`),
  ADD KEY `pcid` (`pcid`);

--
-- Indexes for table `pcs`
--
ALTER TABLE `pcs`
  ADD PRIMARY KEY (`pcid`),
  ADD KEY `department_id` (`department_id`);

--
-- Indexes for table `students`
--
ALTER TABLE `students`
  ADD PRIMARY KEY (`student_id`);

--
-- Indexes for table `users`
--
ALTER TABLE `users`
  ADD PRIMARY KEY (`user_id`),
  ADD UNIQUE KEY `username` (`username`);

--
-- AUTO_INCREMENT for dumped tables
--

--
-- AUTO_INCREMENT for table `borrow_requests`
--
ALTER TABLE `borrow_requests`
  MODIFY `borrow_id` int(11) NOT NULL AUTO_INCREMENT, AUTO_INCREMENT=10;

--
-- AUTO_INCREMENT for table `concerns`
--
ALTER TABLE `concerns`
  MODIFY `concern_id` int(11) NOT NULL AUTO_INCREMENT, AUTO_INCREMENT=20;

--
-- AUTO_INCREMENT for table `concern_history`
--
ALTER TABLE `concern_history`
  MODIFY `id` int(11) NOT NULL AUTO_INCREMENT, AUTO_INCREMENT=14;

--
-- AUTO_INCREMENT for table `departments`
--
ALTER TABLE `departments`
  MODIFY `department_id` int(11) NOT NULL AUTO_INCREMENT, AUTO_INCREMENT=2;

--
-- AUTO_INCREMENT for table `devices`
--
ALTER TABLE `devices`
  MODIFY `device_id` int(11) NOT NULL AUTO_INCREMENT, AUTO_INCREMENT=8;

--
-- AUTO_INCREMENT for table `devices_units`
--
ALTER TABLE `devices_units`
  MODIFY `accession_id` int(11) NOT NULL AUTO_INCREMENT, AUTO_INCREMENT=37;

--
-- AUTO_INCREMENT for table `pcparts`
--
ALTER TABLE `pcparts`
  MODIFY `part_id` int(11) NOT NULL AUTO_INCREMENT, AUTO_INCREMENT=6;

--
-- AUTO_INCREMENT for table `users`
--
ALTER TABLE `users`
  MODIFY `user_id` int(10) UNSIGNED NOT NULL AUTO_INCREMENT, AUTO_INCREMENT=11;

--
-- Constraints for dumped tables
--

--
-- Constraints for table `borrow_requests`
--
ALTER TABLE `borrow_requests`
  ADD CONSTRAINT `fk_borrow_device` FOREIGN KEY (`device_id`) REFERENCES `devices` (`device_id`) ON DELETE CASCADE ON UPDATE CASCADE;

--
-- Constraints for table `concern_devices`
--
ALTER TABLE `concern_devices`
  ADD CONSTRAINT `concern_devices_ibfk_1` FOREIGN KEY (`concern_id`) REFERENCES `concerns` (`concern_id`) ON DELETE CASCADE,
  ADD CONSTRAINT `concern_devices_ibfk_2` FOREIGN KEY (`device_id`) REFERENCES `devices` (`device_id`);

--
-- Constraints for table `devices`
--
ALTER TABLE `devices`
  ADD CONSTRAINT `devices_ibfk_1` FOREIGN KEY (`department_id`) REFERENCES `departments` (`department_id`);

--
-- Constraints for table `devices_units`
--
ALTER TABLE `devices_units`
  ADD CONSTRAINT `devices_units_ibfk_1` FOREIGN KEY (`device_id`) REFERENCES `devices` (`device_id`);

--
-- Constraints for table `pcparts`
--
ALTER TABLE `pcparts`
  ADD CONSTRAINT `pcparts_ibfk_1` FOREIGN KEY (`pcid`) REFERENCES `pcs` (`pcid`) ON DELETE CASCADE ON UPDATE CASCADE;

--
-- Constraints for table `pcs`
--
ALTER TABLE `pcs`
  ADD CONSTRAINT `pcs_ibfk_1` FOREIGN KEY (`department_id`) REFERENCES `departments` (`department_id`) ON DELETE CASCADE ON UPDATE CASCADE;
COMMIT;

/*!40101 SET CHARACTER_SET_CLIENT=@OLD_CHARACTER_SET_CLIENT */;
/*!40101 SET CHARACTER_SET_RESULTS=@OLD_CHARACTER_SET_RESULTS */;
/*!40101 SET COLLATION_CONNECTION=@OLD_COLLATION_CONNECTION */;
